{"chars": {"A": [[0.0, 0.0], [0.125, 0.07692307692307693]], "B": [[0.125, 0.0], [0.25, 0.07692307692307693]], "C": [[0.25, 0.0], [0.375, 0.07692307692307693]], "D": [[0.375, 0.0], [0.5, 0.07692307692307693]], "E": [[0.5, 0.0], [0.625, 0.07692307692307693]], "F": [[0.625, 0.0], [0.75, 0.07692307692307693]], "G": [[0.75, 0.0], [0.875, 0.07692307692307693]], "H": [[0.875, 0.0], [1.0, 0.07692307692307693]], "I": [[0.0, 0.07692307692307693], [0.125, 0.15384615384615385]], "J": [[0.125, 0.07692307692307693], [0.25, 0.15384615384615385]], "K": [[0.25, 0.07692307692307693], [0.375, 0.15384615384615385]], "L": [[0.375, 0.07692307692307693], [0.5, 0.15384615384615385]], "M": [[0.5, 0.07692307692307693], [0.625, 0.15384615384615385]], "N": [[0.625, 0.07692307692307693], [0.75, 0.15384615384615385]], "O": [[0.75, 0.07692307692307693], [0.875, 0.15384615384615385]], "P": [[0.875, 0.07692307692307693], [1.0, 0.15384615384615385]], "Q": [[0.0, 0.15384615384615385], [0.125, 0.23076923076923078]], "R": [[0.125, 0.15384615384615385], [0.25, 0.23076923076923078]], "S": [[0.25, 0.15384615384615385], [0.375, 0.23076923076923078]], "T": [[0.375, 0.15384615384615385], [0.5, 0.23076923076923078]], "U": [[0.5, 0.15384615384615385], [0.625, 0.23076923076923078]], "V": [[0.625, 0.15384615384615385], [0.75, 0.23076923076923078]], "W": [[0.75, 0.15384615384615385], [0.875, 0.23076923076923078]], "X": [[0.875, 0.15384615384615385], [1.0, 0.23076923076923078]], "Y": [[0.0, 0.23076923076923078], [0.125, 0.3076923076923077]], "Z": [[0.125, 0.23076923076923078], [0.25, 0.3076923076923077]], "a": [[0.25, 0.23076923076923078], [0.375, 0.3076923076923077]], "b": [[0.375, 0.23076923076923078], [0.5, 0.3076923076923077]], "c": [[0.5, 0.23076923076923078], [0.625, 0.3076923076923077]], "d": [[0.625, 0.23076923076923078], [0.75, 0.3076923076923077]], "e": [[0.75, 0.23076923076923078], [0.875, 0.3076923076923077]], "f": [[0.875, 0.23076923076923078], [1.0, 0.3076923076923077]], "g": [[0.0, 0.3076923076923077], [0.125, 0.38461538461538464]], "h": [[0.125, 0.3076923076923077], [0.25, 0.38461538461538464]], "i": [[0.25, 0.3076923076923077], [0.375, 0.38461538461538464]], "j": [[0.375, 0.3076923076923077], [0.5, 0.38461538461538464]], "k": [[0.5, 0.3076923076923077], [0.625, 0.38461538461538464]], "l": [[0.625, 0.3076923076923077], [0.75, 0.38461538461538464]], "m": [[0.75, 0.3076923076923077], [0.875, 0.38461538461538464]], "n": [[0.875, 0.3076923076923077], [1.0, 0.38461538461538464]], "o": [[0.0, 0.38461538461538464], [0.125, 0.46153846153846156]], "p": [[0.125, 0.38461538461538464], [0.25, 0.46153846153846156]], "q": [[0.25, 0.38461538461538464], [0.375, 0.46153846153846156]], "r": [[0.375, 0.38461538461538464], [0.5, 0.46153846153846156]], "s": [[0.5, 0.38461538461538464], [0.625, 0.46153846153846156]], "t": [[0.625, 0.38461538461538464], [0.75, 0.46153846153846156]], "u": [[0.75, 0.38461538461538464], [0.875, 0.46153846153846156]], "v": [[0.875, 0.38461538461538464], [1.0, 0.46153846153846156]], "w": [[0.0, 0.46153846153846156], [0.125, 0.5384615384615384]], "x": [[0.125, 0.46153846153846156], [0.25, 0.5384615384615384]], "y": [[0.25, 0.46153846153846156], [0.375, 0.5384615384615384]], "z": [[0.375, 0.46153846153846156], [0.5, 0.5384615384615384]], " ": [[0.5, 0.46153846153846156], [0.625, 0.5384615384615384]], "`": [[0.625, 0.46153846153846156], [0.75, 0.5384615384615384]], "0": [[0.75, 0.46153846153846156], [0.875, 0.5384615384615384]], "1": [[0.875, 0.46153846153846156], [1.0, 0.5384615384615384]], "2": [[0.0, 0.5384615384615384], [0.125, 0.6153846153846154]], "3": [[0.125, 0.5384615384615384], [0.25, 0.6153846153846154]], "4": [[0.25, 0.5384615384615384], [0.375, 0.6153846153846154]], "5": [[0.375, 0.5384615384615384], [0.5, 0.6153846153846154]], "6": [[0.5, 0.5384615384615384], [0.625, 0.6153846153846154]], "7": [[0.625, 0.5384615384615384], [0.75, 0.6153846153846154]], "8": [[0.75, 0.5384615384615384], [0.875, 0.6153846153846154]], "9": [[0.875, 0.5384615384615384], [1.0, 0.6153846153846154]], "-": [[0.0, 0.6153846153846154], [0.125, 0.6923076923076923]], "=": [[0.125, 0.6153846153846154], [0.25, 0.6923076923076923]], "[": [[0.25, 0.6153846153846154], [0.375, 0.6923076923076923]], "]": [[0.375, 0.6153846153846154], [0.5, 0.6923076923076923]], "\\": [[0.5, 0.6153846153846154], [0.625, 0.6923076923076923]], ";": [[0.625, 0.6153846153846154], [0.75, 0.6923076923076923]], "'": [[0.75, 0.6153846153846154], [0.875, 0.6923076923076923]], ",": [[0.875, 0.6153846153846154], [1.0, 0.6923076923076923]], ".": [[0.0, 0.6923076923076923], [0.125, 0.7692307692307693]], "/": [[0.125, 0.6923076923076923], [0.25, 0.7692307692307693]], "~": [[0.25, 0.6923076923076923], [0.375, 0.7692307692307693]], "!": [[0.375, 0.6923076923076923], [0.5, 0.7692307692307693]], "@": [[0.5, 0.6923076923076923], [0.625, 0.7692307692307693]], "#": [[0.625, 0.6923076923076923], [0.75, 0.7692307692307693]], "$": [[0.75, 0.6923076923076923], [0.875, 0.7692307692307693]], "%": [[0.875, 0.6923076923076923], [1.0, 0.7692307692307693]], "^": [[0.0, 0.7692307692307693], [0.125, 0.8461538461538461]], "&": [[0.125, 0.7692307692307693], [0.25, 0.8461538461538461]], "*": [[0.25, 0.7692307692307693], [0.375, 0.8461538461538461]], "(": [[0.375, 0.7692307692307693], [0.5, 0.8461538461538461]], ")": [[0.5, 0.7692307692307693], [0.625, 0.8461538461538461]], "_": [[0.625, 0.7692307692307693], [0.75, 0.8461538461538461]], "+": [[0.75, 0.7692307692307693], [0.875, 0.8461538461538461]], "{": [[0.875, 0.7692307692307693], [1.0, 0.8461538461538461]], "}": [[0.0, 0.8461538461538461], [0.125, 0.9230769230769231]], "|": [[0.125, 0.8461538461538461], [0.25, 0.9230769230769231]], ":": [[0.25, 0.8461538461538461], [0.375, 0.9230769230769231]], "\"": [[0.375, 0.8461538461538461], [0.5, 0.9230769230769231]], "<": [[0.5, 0.8461538461538461], [0.625, 0.9230769230769231]], ">": [[0.625, 0.8461538461538461], [0.75, 0.9230769230769231]], "?": [[0.75, 0.8461538461538461], [0.875, 0.9230769230769231]], "\u00a9": [[0.875, 0.8461538461538461], [1.0, 0.9230769230769231]], "\u00ae": [[0.0, 0.9230769230769231], [0.125, 1.0]], "\u00ab": [[0.125, 0.9230769230769231], [0.25, 1.0]], "\u2122": [[0.25, 0.9230769230769231], [0.375, 1.0]]}, "special_binds":{":copyright:":"\u00a9", ":registered:":"\u00ae", ":trademark:":"\u2122"}}